area,pmcid,doi,year,journal,title,U,E,EP,S,adjudicated,adjudicated_items,dual_coded,also_coded_in_areas
A1,PMC10161767,10.1107/s205225252300204x,2023,IUCrJ,Fast extraction of three-dimensional nanofiber orientation from WAXD patterns using machine learning.,1,1,0,1,yes,U,yes,
A1,PMC10250676,10.3389/fbioe.2023.1105377,2023,Frontiers in bioengineering and biotechnology,Computational approaches for evaluating morphological changes in the corneal stroma associated with decellularization.,0,0,0,0,no,,no,A4
A1,PMC10288606,10.1021/acsnanoscienceau.2c00055,2023,ACS nanoscience Au,Complex Dispersion of Detonation Nanodiamond Revealed by Machine Learning Assisted Cryo-TEM and Coarse-Grained Molecular Dynamics Simulations.,0,0,0,0,no,,yes,
A1,PMC10350735,10.1177/09544119231177834,2023,"Proceedings of the Institution of Mechanical Engineers. Part H, Journal of engineering in medicine",A convolutional neural network for high throughput screening of femoral stem taper corrosion.,0,0,0,0,no,,no,
A1,PMC10497969,10.3389/fbioe.2023.1225495,2023,Frontiers in bioengineering and biotechnology,Contributions of deep learning to automated numerical modelling of the interaction of electric fields and cartilage tissue based on 3D images.,2,0,0,0,no,,yes,
A1,PMC10511398,10.1186/s40729-023-00498-8,2023,International journal of implant dentistry,Influence of exposure of customized dental implant abutments to different cleaning procedures: an in vitro study using AI-assisted SEM/EDS analysis.,0,0,0,0,no,,yes,
A1,PMC10521712,10.34133/2022/9854084,2022,BME frontiers,Jointly Optimized Spatial Histogram UNET Architecture (JOSHUA) for Adipose Tissue Segmentation.,1,0,0,1,no,,yes,A4
A1,PMC10522944,10.1016/j.bioactmat.2023.09.008,2024,Bioactive materials,Synchrotron microtomography reveals insights into the degradation kinetics of bio-degradable coronary magnesium scaffolds.,0,0,0,0,no,,no,
A1,PMC10534500,10.3390/ph16091243,2023,"Pharmaceuticals (Basel, Switzerland)",Comparing the Performance of Raman and Near-Infrared Imaging in the Prediction of the In Vitro Dissolution Profile of Extended-Release Tablets Based on Artificial Neural Networks.,0,0,0,0,no,,yes,
A1,PMC10636134,10.1038/s41598-023-46417-0,2023,Scientific reports,Categorization of collagen type I and II blend hydrogel using multipolarization SHG imaging with ResNet regression.,1,0,0,1,no,,no,
A1,PMC10667280,10.1038/s41598-023-47988-8,2023,Scientific reports,Predicting intratumoral fluid pressure and liposome accumulation using physics informed deep learning.,1,0,0,1,no,,no,
A1,PMC10699105,10.1002/2211-5463.13719,2023,FEBS open bio,"Three-dimensional, PEG-based hydrogels induce spheroid formation and enhance viability of A2058 melanoma cells.",0,0,0,0,no,,no,
A1,PMC10797295,10.7150/thno.90246,2024,Theranostics,Deep learning for automatic organ and tumor segmentation in nanomedicine pharmacokinetics.,1,1,0,1,no,,no,
A1,PMC11044700,10.3389/fbioe.2024.1364553,2024,Frontiers in bioengineering and biotechnology,Deep learning-assisted concentration gradient generation for the study of 3D cell cultures in hydrogel beads of varying stiffness.,0,0,0,0,no,,no,
A1,PMC11170757,10.1021/acsomega.4c01234,2024,ACS omega,Quantitative Evaluation of the Pore and Window Sizes of Tissue Engineering Scaffolds on Scanning Electron Microscope Images Using Deep Learning.,0,0,0,0,yes,EP,no,A4
A1,PMC11321169,10.1186/s12951-024-02686-z,2024,Journal of nanobiotechnology,Crosslinked-hybrid nanoparticle embedded in thermogel for sustained co-delivery to inner ear.,0,0,0,0,no,,yes,
A1,PMC11363142,10.1021/acsnano.4c06527,2024,ACS nano,Insertable Glucose Sensor Using a Compact and Cost-Effective Phosphorescence Lifetime Imager and Machine Learning.,0,0,1,1,no,,no,
A1,PMC11431587,10.3390/gels10090565,2024,"Gels (Basel, Switzerland)",Diffusion Correction in Fricke Hydrogel Dosimeters: A Deep Learning Approach with 2D and 3D Physics-Informed Neural Network Models.,0,0,0,0,no,,no,
A1,PMC11538249,10.1038/s41746-024-01305-3,2024,NPJ digital medicine,Deep learning based highly accurate transplanted bioengineered corneal equivalent thickness measurement using optical coherence tomography.,1,0,0,1,yes,S,yes,
A1,PMC11603200,10.1038/s41467-024-54267-1,2024,Nature communications,LungVis 1.0: an automatic AI-powered 3D imaging ecosystem unveils spatial profiling of nanoparticle delivery and acinar migration of lung macrophages.,1,0,0,0,no,,yes,
A1,PMC11761273,10.3390/biomedicines13010208,2025,Biomedicines,Advancing Hydrogel-Based 3D Cell Culture Systems: Histological Image Analysis and AI-Driven Filament Characterization.,0,0,0,0,no,,yes,A4
A1,PMC11921027,10.1021/acsabm.4c01509,2025,ACS applied bio materials,Collagen Hybridizing Peptides Promote Collagen Fibril Growth In Vitro.,0,0,0,1,yes,E,no,A4
A1,PMC12316057,10.1002/jbm.a.37515,2023,Journal of biomedical materials research. Part A,Label-free cleared tissue microscopy and machine learning for 3D histopathology of biomaterial implants.,1,0,0,0,no,,yes,A4
A1,PMC12322746,10.1117/1.jbo.30.6.065003,2025,Journal of biomedical optics,Efficient quality control of platelet-rich plasma preparation using computer vision and deep learning.,1,0,0,1,no,,yes,
A1,PMC12538699,10.1016/j.mtbio.2025.102352,2025,Materials today. Bio,"Acquisition, quality control, and architecture of a large image dataset as a tool for in silico cell biological research.",0,0,0,0,no,,no,
A1,PMC12663998,10.1073/pnas.2424047122,2025,Proceedings of the National Academy of Sciences of the United States of America,"Deep learning reveals how cells pull, buckle, and navigate fibrous environments.",0,0,0,0,no,,no,
A1,PMC12696800,10.1002/smll.202507903,2025,"Small (Weinheim an der Bergstrasse, Germany)",Shape-Encoded Hydrogel Sensor Particles Enable Multiplex Odorant Detection Through Deep-learning Classification.,2,0,1,0,no,,no,
A1,PMC12700832,10.1038/s41587-024-02528-1,2025,Nature biotechnology,Nanocarrier imaging at single-cell resolution across entire mouse bodies with deep learning.,0,0,1,1,no,,no,
A1,PMC12796348,10.1038/s41467-025-67391-3,2025,Nature communications,"MIDAS: rapid, multiplexed molecular profiling for integrated host-pathogen analysis.",0,0,0,1,yes,EP,yes,
A1,PMC12945539,10.1364/boe.550401,2025,Biomedical optics express,Automated cell properties toolbox from 3D bioprinted hydrogel scaffolds via deep learning and optical coherence tomography.,1,0,0,1,no,,no,A4
A1,PMC13128258,10.1016/j.actbio.2024.06.038,2024,Acta biomaterialia,Discovering 3D hidden elasticity in isotropic and transversely isotropic materials with physics-informed UNets.,0,0,0,1,no,,yes,A2
A1,PMC7615154,10.1002/smtd.202201695,2023,Small methods,Understanding Intracellular Biology to Improve mRNA Delivery by Lipid Nanoparticles.,0,0,1,0,no,,yes,
A1,PMC7970409,10.1117/1.jbo.26.3.036004,2021,Journal of biomedical optics,Focused x-ray luminescence imaging system for small animals based on a rotary gantry.,0,0,0,0,no,,no,
A1,PMC8471570,10.3390/ma14185278,2021,"Materials (Basel, Switzerland)",Artificial Intelligence Aided Design of Tissue Engineering Scaffolds Employing Virtual Tomography and 3D Convolutional Neural Networks.,0,0,0,0,no,,no,
A1,PMC8575943,10.1038/s41598-021-01304-4,2021,Scientific reports,A deep learning approach to identify and segment alpha-smooth muscle actin stress fiber positive cells.,0,0,0,1,yes,EP,yes,A4
A1,PMC8665348,10.1016/j.bioactmat.2021.09.018,2022,Bioactive materials,A deep-learning-based workflow to deal with the defocusing problem in high-throughput experiments.,1,0,1,1,no,,yes,
A1,PMC8830423,10.3389/fbioe.2021.802794,2021,Frontiers in bioengineering and biotechnology,Morphology-Based Deep Learning Approach for Predicting Osteogenic Differentiation.,1,0,1,1,no,,yes,
A1,PMC8866374,10.1007/s00018-022-04196-3,2022,Cellular and molecular life sciences : CMLS,Monitoring the maturation of the sarcomere network: a super-resolution microscopy-based approach.,0,0,0,0,no,,no,
A1,PMC9483370,10.1007/s11095-022-03378-9,2022,Pharmaceutical research,Novel 3D Printed Modular Tablets Containing Multiple Anti-Viral Drugs: a Case of High Precision Drop-on-Demand Drug Deposition.,0,0,0,0,no,,yes,
A1,PMC9785476,10.3390/ijms232416070,2022,International journal of molecular sciences,Deep Learning-Based Artificial Intelligence to Investigate Targeted Nanoparticles' Uptake in TNBC Cells.,1,0,0,0,no,,yes,
A2,PMC10070414,10.1038/s41598-023-31677-7,2023,Scientific reports,Machine learning unifies flexibility and efficiency of spinodal structure generation for stochastic biomaterial design.,0,0,0,1,no,,no,A4
A2,PMC10573332,10.3390/ma16196355,2023,"Materials (Basel, Switzerland)",Predicting Low-Modulus Biocompatible Titanium Alloys Using Machine Learning.,0,0,0,0,no,,no,
A2,PMC10590434,10.1038/s41598-023-43689-4,2023,Scientific reports,Application of ensemble machine learning approach to assess the factors affecting size and polydispersity index of liposomal nanoparticles.,0,0,0,0,no,,no,
A2,PMC10784499,10.1038/s41598-023-50876-w,2024,Scientific reports,Machine learning assisted exploration of the influential parameters on the PLGA nanoparticles.,1,0,0,0,no,,yes,
A2,PMC11106676,10.3762/bjnano.15.47,2024,Beilstein journal of nanotechnology,On the additive artificial intelligence-based discovery of nanoparticle neurodegenerative disease drug delivery systems.,1,0,0,0,no,,yes,
A2,PMC11163007,10.1038/s41598-024-63285-4,2024,Scientific reports,Imbalanced spectral data analysis using data augmentation based on the generative adversarial network.,1,0,0,0,no,,no,
A2,PMC11165469,10.1002/advs.202310141,2024,"Advanced science (Weinheim, Baden-Wurttemberg, Germany)",Mechanical Field Guiding Structure Design Strategy for Meta-Fiber Reinforced Hydrogel Composites by Deep Learning.,0,0,0,0,no,,yes,
A2,PMC11179666,10.2147/ijn.s452316,2024,International journal of nanomedicine,Nose-to-Brain Drug Delivery and Physico-Chemical Properties of Nanosystems: Analysis and Correlation Studies of Data from Scientific Literature.,1,0,0,1,no,,no,
A2,PMC11283115,10.1016/j.heliyon.2024.e33967,2024,Heliyon,A comparative study of machine learning and response surface methodologies for optimizing wear parameters of ECAP-processed ZX30 alloy.,0,0,1,0,no,,no,
A2,PMC11504968,10.3390/biomimetics9100587,2024,"Biomimetics (Basel, Switzerland)",Leveraging Machine Learning for Optimized Mechanical Properties and 3D Printing of PLA/cHAP for Bone Implant.,0,0,0,0,no,,no,
A2,PMC11561990,10.1177/15330338241296725,2024,Technology in cancer research & treatment,Predicting Calcein Release from Ultrasound-Targeted Liposomes: A Comparative Analysis of Random Forest and Support Vector Machine.,0,0,0,0,no,,yes,
A2,PMC11615115,10.1007/s13346-024-01603-z,2025,Drug delivery and translational research,Engineering mannose-functionalized nanostructured lipid carriers by sequential design using hybrid artificial intelligence tools.,0,0,1,0,no,,yes,
A2,PMC11629694,10.1093/bioinformatics/btae342,2024,"Bioinformatics (Oxford, England)",Representations of lipid nanoparticles using large language models for transfection efficiency prediction.,1,0,0,1,no,,no,
A2,PMC11685617,10.1038/s41467-024-55072-6,2024,Nature communications,Artificial intelligence-driven rational design of ionizable lipids for mRNA delivery.,0,1,1,0,no,,yes,
A2,PMC11765179,10.3390/gels11010045,2025,"Gels (Basel, Switzerland)",Characterization and Machine Learning-Driven Property Prediction of a Novel Hybrid Hydrogel Bioink Considering Extrusion-Based 3D Bioprinting.,0,0,0,0,no,,no,A4
A2,PMC11855220,10.1002/smll.202405618,2025,"Small (Weinheim an der Bergstrasse, Germany)",Rational Design of Lipid Nanoparticles for Enhanced mRNA Vaccine Delivery via Machine Learning.,0,0,1,0,no,,no,
A2,PMC11884566,10.1002/advs.202415902,2025,"Advanced science (Weinheim, Baden-Wurttemberg, Germany)","Machine Learning-Driven Prediction, Preparation, and Evaluation of Functional Nanomedicines Via Drug-Drug Self-Assembly.",0,0,0,0,no,,yes,
A2,PMC12030581,10.3390/pharmaceutics17040513,2025,Pharmaceutics,The Prediction of the In Vitro Release Curves for PLGA-Based Drug Delivery Systems with Neural Networks.,1,0,0,0,no,,no,
A2,PMC12033270,10.1038/s41598-025-99823-x,2025,Scientific reports,Chemometric and computational modeling of polysaccharide coated drugs for colonic drug delivery.,1,0,0,0,no,,yes,
A2,PMC12216472,10.1038/s41598-025-06227-y,2025,Scientific reports,Implementing partial least squares and machine learning regressive models for prediction of drug release in targeted drug delivery application.,1,0,0,0,no,,yes,
A2,PMC12227466,10.1007/s10142-025-01649-3,2025,Functional & integrative genomics,Discovering novel type I collagen fragments from Cyprinus carpio supporting bone regeneration.,0,0,0,0,no,,yes,
A2,PMC12294283,10.3390/gels11070550,2025,"Gels (Basel, Switzerland)",Interpretable Prediction and Analysis of PVA Hydrogel Mechanical Behavior Using Machine Learning.,0,0,0,0,no,,yes,A4
A2,PMC12296543,10.1016/j.ultsonch.2025.107464,2025,Ultrasonics sonochemistry,Preparation of aspirin inhalable powder by ultrasound-intensified anti-solvent crystallization for pulmonary drug delivery.,0,0,0,0,no,,yes,
A2,PMC12298074,10.3390/polym17141919,2025,Polymers,Novel Core-Shell Aerogel Formulation for Drug Delivery Based on Alginate and Konjac Glucomannan: Rational Design Using Artificial Intelligence Tools.,0,0,1,0,no,,no,
A2,PMC12521365,10.1038/s41598-025-19683-3,2025,Scientific reports,Development and In Vivo evaluation of liposomal fentanyl nanocarriers using thin-film hydration and AI-based characterization for enhanced analgesic efficacy in anesthesia.,0,0,0,0,no,,no,
A2,PMC12656060,10.3390/polym17222973,2025,Polymers,Additive Manufacturing of Bead-Chain-Shaped Scaffolds with AI-Based Process Optimization.,0,0,1,0,no,,yes,A4
A2,PMC12666576,10.1016/j.ultsonch.2025.107682,2025,Ultrasonics sonochemistry,"Eco-friendly production of AgNPs by ultrasound-intensified continuous method, and process evaluation via life cycle assessment and machine learning.",0,0,0,0,no,,no,
A2,PMC12736625,10.3390/pharmaceutics17121546,2025,Pharmaceutics,Combined Experimental and Computational Approaches for Ternary Solid Dispersions to Enhance the Oral Bioavailability of Penfluridol.,0,0,1,0,no,,yes,
A2,PMC13128258,10.1016/j.actbio.2024.06.038,2024,Acta biomaterialia,Discovering 3D hidden elasticity in isotropic and transversely isotropic materials with physics-informed UNets.,0,0,0,1,no,,yes,A1
A2,PMC7076403,10.3390/pharmaceutics12020166,2020,Pharmaceutics,A 3D Bioprinted Pseudo-Bone Drug Delivery Scaffold for Bone Tissue Engineering.,0,0,1,0,yes,EP,no,A4
A2,PMC7284204,10.1002/advs.201903392,2020,"Advanced science (Weinheim, Baden-Wurttemberg, Germany)",Immune Modulation by Design: Using Topography to Control Human Monocyte Attachment and Macrophage Differentiation.,0,0,0,0,no,,yes,
A2,PMC7502161,,2020,Avicenna journal of medical biotechnology,Application of Electrospray in Preparing Solid Lipid Nanoparticles and Optimization of Nanoparticles Using Artificial Neural Networks.,0,0,0,0,no,,yes,
A2,PMC7795907,10.3390/molecules26010111,2020,"Molecules (Basel, Switzerland)",Tailoring Atomoxetine Release Rate from DLP 3D-Printed Tablets Using Artificial Neural Networks: Influence of Tablet Thickness and Drug Loading.,0,0,0,0,no,,no,
A2,PMC8415910,10.3389/fbioe.2021.704738,2021,Frontiers in bioengineering and biotechnology,Unraveling the Local Relation Between Tissue Composition and Human Brain Mechanics Through Machine Learning.,1,0,0,1,no,,yes,
A2,PMC8493061,10.3389/fmolb.2021.677547,2021,Frontiers in molecular biosciences,Microfluidic Synthesis of Indomethacin-Loaded PLGA Microparticles Optimized by Machine Learning.,0,0,0,0,no,,yes,
A2,PMC8840207,10.3390/polym14030527,2022,Polymers,Estimating the Relative Crystallinity of Biodegradable Polylactic Acid and Polyglycolide Polymer Composites by Machine Learning Methodologies.,0,0,0,0,no,,no,
A2,PMC9104973,10.3390/polym14091802,2022,Polymers,Accelerated Discovery of the Polymer Blends for Cartilage Repair through Data-Mining Tools and Machine-Learning Algorithm.,0,0,0,0,no,,no,A4
A2,PMC9513834,10.34133/2022/9784273,2022,"Research (Washington, D.C.)",High-Content Screening and Analysis of Stem Cell-Derived Neural Interfaces Using a Combinatorial Nanotechnology and Machine Learning Approach.,0,0,1,0,yes,EP,yes,
A2,PMC9546622,10.1073/pnas.2209524119,2022,Proceedings of the National Academy of Sciences of the United States of America,"Discovering design principles of collagen molecular stability using a genetic algorithm, deep learning, and experimental validation.",0,0,1,0,no,,no,
A2,PMC9551996,10.3389/fbioe.2022.973275,2022,Frontiers in bioengineering and biotechnology,Designing anisotropic porous bone scaffolds using a self-learning convolutional neural network model.,0,0,0,0,no,,no,A4
A3,PMC10039194,10.1007/s40820-023-01054-0,2023,Nano-micro letters,Mechanoluminescent-Triboelectric Bimodal Sensors for Self-Powered Sensing and Intelligent Control.,0,0,0,0,no,,no,
A3,PMC10407620,10.1039/d3ra02900j,2023,RSC advances,Machine learning-assisted flexible wearable device for tyrosine detection.,0,0,0,0,no,,yes,
A3,PMC11220713,10.1002/advs.202401515,2024,"Advanced science (Weinheim, Baden-Wurttemberg, Germany)",Self-Powered Biomimetic Pressure Sensor Based on Mn-Ag Electrochemical Reaction for Monitoring Rehabilitation Training of Athletes.,0,0,0,0,no,,yes,
A3,PMC11348057,10.1002/advs.202401800,2024,"Advanced science (Weinheim, Baden-Wurttemberg, Germany)",A Flexible Skin Bionic Thermally Comfortable Wearable for Machine Learning-Facilitated Ultrasensitive Sensing.,0,0,0,0,no,,yes,
A3,PMC11377509,10.1007/s00216-024-05444-0,2024,Analytical and bioanalytical chemistry,Enhancing electrochemical detection through machine learning-driven prediction for canine mammary tumor biomarker with green silver nanoparticles.,0,0,0,0,no,,yes,
A3,PMC11505716,10.3390/bios14100504,2024,Biosensors,A Machine Learning Assisted Non-Enzymatic Electrochemical Biosensor to Detect Urea Based on Multi-Walled Carbon Nanotube Functionalized with Copper Oxide Micro-Flowers.,0,0,0,0,no,,no,
A3,PMC11593876,10.3390/gels10110720,2024,"Gels (Basel, Switzerland)",Alkali Ion-Accelerated Gelation of MXene-Based Conductive Hydrogel for Flexible Sensing and Machine Learning-Assisted Recognition.,0,0,0,0,no,,no,
A3,PMC11621509,10.1073/pnas.2412684121,2024,Proceedings of the National Academy of Sciences of the United States of America,Symmetry engineering in 2D bioelectronics facilitating augmented biosensing interfaces.,0,0,0,0,no,,yes,
A3,PMC11643587,10.3390/ma17235993,2024,"Materials (Basel, Switzerland)",Multifunctional Sensor Array for User Interaction Based on Dielectric Elastomers with Sputtered Metal Electrodes.,0,0,0,1,no,,no,
A3,PMC11686128,10.1038/s41598-024-82274-1,2024,Scientific reports,The assessment of sports performance by grip pressure using flexible piezoresistive pressure sensors in seven sports events.,0,0,0,0,no,,no,
A3,PMC11803620,10.1021/acsami.4c17369,2025,ACS applied materials & interfaces,Full Body-Worn Textile-Integrated Nanomaterials and Soft Electronics for Real-Time Continuous Motion Recognition Using Cloud Computing.,0,0,0,0,no,,yes,
A3,PMC11845634,10.1007/s40820-025-01656-w,2025,Nano-micro letters,A Flexible-Integrated Multimodal Hydrogel-Based Sensing Patch.,0,0,0,0,no,,no,
A3,PMC11852995,10.3390/bios15020122,2025,Biosensors,"A Wide-Range, Highly Stable Intelligent Flexible Pressure Sensor Based on Micro-Wrinkled SWCNT/rGO-PDMS with Efficient Thermal Shrinkage.",0,0,0,0,no,,no,
A3,PMC11940286,10.3390/bios15030152,2025,Biosensors,Machine Learning-Driven D-Glucose Prediction Using a Novel Biosensor for Non-Invasive Diabetes Management.,0,0,0,0,no,,no,
A3,PMC12105526,10.1016/j.xinn.2025.100877,2025,Innovation (Cambridge (Mass.)),Multi-bioinspired electronic skins with on-demand adhesion and opto-electronic synergistic display capabilities.,0,0,0,0,no,,no,
A3,PMC12115265,10.3390/s25103011,2025,"Sensors (Basel, Switzerland)",Real-Time Detection and Localization of Force on a Capacitive Elastomeric Sensor Array Using Image Processing and Machine Learning.,0,0,0,0,no,,no,
A3,PMC12122957,10.1007/s40820-025-01780-7,2025,Nano-micro letters,"Machine Learning Enabled Reusable Adhesion, Entangled Network-Based Hydrogel for Long-Term, High-Fidelity EEG Recording and Attention Assessment.",0,0,0,0,no,,no,
A3,PMC12293215,10.3390/bios15070461,2025,Biosensors,3D-Printed PLA Hollow Microneedles Loaded with Chitosan Nanoparticles for Colorimetric Glucose Detection in Sweat Using Machine Learning.,1,0,1,0,no,,yes,
A3,PMC12369696,10.1002/adma.202502203,2025,"Advanced materials (Deerfield Beach, Fla.)","Stretchable, Multiplexed, and Bimodal Sensing Electronic Armor for Colonoscopic Continuum Robot Enhanced by Triboelectric Artificial Synapse.",0,0,0,0,no,,no,
A3,PMC12407276,10.1002/advs.202505873,2025,"Advanced science (Weinheim, Baden-Wurttemberg, Germany)",Bionic Multimodal Augmented Somatosensory Receptor Enabled by Thermogalvanic Hydrogel.,0,0,0,0,no,,no,
A3,PMC12412577,10.1002/advs.202414732,2025,"Advanced science (Weinheim, Baden-Wurttemberg, Germany)",Soft Bioelectronic Interfaces for Continuous Peripheral Neural Signal Recording and Robust Cross-Subject Decoding.,1,0,0,1,no,,yes,
A3,PMC12431005,10.3390/s25175365,2025,"Sensors (Basel, Switzerland)",Evaluating Machine Learning-Based Classification of Human Locomotor Activities for Exoskeleton Control Using Inertial Measurement Unit and Pressure Insole Data.,0,0,0,1,no,,no,
A3,PMC12436258,10.1007/s40820-025-01924-9,2025,Nano-micro letters,Flexible Monolithic 3D-Integrated Self-Powered Tactile Sensing Array Based on Holey MXene Paste.,0,0,0,0,no,,yes,
A3,PMC12499495,10.1002/advs.202507605,2025,"Advanced science (Weinheim, Baden-Wurttemberg, Germany)",Strain-Sensitive Thermochromic Smart Electronic Skin for Joint and Spine Healthcare Applications.,0,0,0,0,no,,no,
A3,PMC12520506,10.1002/advs.202509400,2025,"Advanced science (Weinheim, Baden-Wurttemberg, Germany)",Solvent Replacement-Driven Ionic Liquid Thermoelectric Gel for Self-Powered Morse Code Communication Assisted by Machine Learning.,0,0,0,0,no,,yes,
A3,PMC12526629,10.3390/s25196080,2025,"Sensors (Basel, Switzerland)",Passive Brain-Computer Interface Using Textile-Based Electroencephalography.,1,1,0,1,no,,yes,
A3,PMC12561418,10.1002/advs.202509658,2025,"Advanced science (Weinheim, Baden-Wurttemberg, Germany)",A Wearable Electrochemical Biosensor for Salivary Detection of Periodontal Inflammation Biomarkers: Molecularly Imprinted Polymer Sensor with Deep Learning Integration.,0,0,0,0,no,,yes,
A3,PMC12561432,10.1002/advs.202510894,2025,"Advanced science (Weinheim, Baden-Wurttemberg, Germany)",MXene-Integrated Printed Piezoresistive Flexible Sensors: A Breakthrough in Real-Time Monitoring for Medical and Smart Applications.,0,0,0,0,no,,no,
A3,PMC12565868,10.3390/mi16101132,2025,Micromachines,Wearable Flexible Wireless Pressure Sensor Based on Poly(vinyl alcohol)/Carbon Nanotube/MXene Composite for Health Monitoring.,0,0,0,0,no,,yes,
A3,PMC12591205,10.1002/advs.202509740,2025,"Advanced science (Weinheim, Baden-Wurttemberg, Germany)",Bio-Inspired SA-FA Bionic Dual Receptor Electronic Skin for Intelligent Gesture and Material Cognition Systems Enhanced by Static-Dynamic Mutual Interaction.,0,0,0,0,no,,yes,
A3,PMC12606275,10.1038/s41598-025-22949-5,2025,Scientific reports,Plasmonic SPR biosensor with bayesian regression for non-invasive protein biomarker detection.,0,0,0,0,no,,yes,
A3,PMC12622424,10.1002/advs.202505712,2025,"Advanced science (Weinheim, Baden-Wurttemberg, Germany)",Electron Transfer-Tailored D-Band Center to Boost Nanozyme Catalysis for Interpretable Machine Learning-Empowered Intelligent Biosensing.,0,0,0,0,no,,yes,
A3,PMC12639595,10.1016/j.mtbio.2025.102524,2025,Materials today. Bio,Multifunctional hydrogel sensors with dynamic covalent networks for machine learning-assisted Parkinson's disease diagnosis and encrypted human-computer interaction.,0,0,0,0,no,,no,
A3,PMC12652324,10.1126/sciadv.ady2661,2025,Science advances,"An intelligent, compact wearable pressure-strain combo sensor system for continuous fetal movement monitoring.",0,0,0,1,no,,no,
A3,PMC12843744,10.3390/mi17010003,2025,Micromachines,Self-Assembled MXene/MWCNTs Pressure Sensors Combined with Novel Hollow Microstructures for High Sensitivity.,0,0,0,0,no,,yes,
A3,PMC8434643,10.3390/s21175964,2021,"Sensors (Basel, Switzerland)",Plantar Pressure Detection System Based on Flexible Hydrogel Sensor Array and WT-RF.,0,0,0,0,no,,no,
A3,PMC8840666,10.3390/s22030759,2022,"Sensors (Basel, Switzerland)",Neural Network-Enabled Flexible Pressure and Temperature Sensor with Honeycomb-like Architecture for Voice Recognition.,0,0,0,0,no,,yes,
A3,PMC9028188,10.3390/s22082825,2022,"Sensors (Basel, Switzerland)",Detection of Human Gait Phases Using Textile Pressure Sensors: A Low Cost and Pervasive Approach.,1,0,0,0,no,,yes,
A3,PMC9313071,10.3390/bios12070506,2022,Biosensors,Full Soft Capacitive Omnidirectional Tactile Sensor Based on Micro-Spines Electrode and Hemispheric Dielectric Structure.,0,0,0,0,no,,no,
A3,PMC9755227,10.1038/s41598-022-24640-5,2022,Scientific reports,Texture recognition based on multi-sensory integration of proprioceptive and tactile signals.,0,0,0,0,no,,yes,
A4,PMC10070414,10.1038/s41598-023-31677-7,2023,Scientific reports,Machine learning unifies flexibility and efficiency of spinodal structure generation for stochastic biomaterial design.,0,0,0,1,no,,yes,A2
A4,PMC10250676,10.3389/fbioe.2023.1105377,2023,Frontiers in bioengineering and biotechnology,Computational approaches for evaluating morphological changes in the corneal stroma associated with decellularization.,0,0,0,0,no,,yes,A1
A4,PMC10265106,10.1002/advs.202300816,2023,"Advanced science (Weinheim, Baden-Wurttemberg, Germany)",3D-Printed Functional Hydrogel by DNA-Induced Biomineralization for Accelerated Diabetic Wound Healing.,3,0,0,1,no,,no,
A4,PMC10512832,10.3389/fbioe.2023.1241151,2023,Frontiers in bioengineering and biotechnology,Inverse design of anisotropic bone scaffold based on machine learning and regenerative genetic algorithm.,0,0,0,0,no,,yes,
A4,PMC10521712,10.34133/2022/9854084,2022,BME frontiers,Jointly Optimized Spatial Histogram UNET Architecture (JOSHUA) for Adipose Tissue Segmentation.,1,0,0,1,no,,no,A1
A4,PMC10733684,10.1016/j.mtbio.2023.100879,2024,Materials today. Bio,Non-neotissue constituents as underestimated confounders in the assessment of tissue engineered constructs by near-infrared spectroscopy.,1,0,0,1,no,,no,
A4,PMC11082644,10.1039/d4ra01257g,2024,RSC advances,Machine learning-guided morphological property prediction of 2D electrospun scaffolds: the effect of polymer chemical composition and processing parameters.,1,1,1,0,no,,no,
A4,PMC11085928,10.3390/polym16091187,2024,Polymers,Deep Learning for Cell Migration in Nonwoven Materials and Evaluating Gene Transfer Effects following AAV6-ND4 Transduction.,0,0,0,0,no,,no,
A4,PMC11117982,10.3390/bioengineering11050415,2024,"Bioengineering (Basel, Switzerland)",Investigating the Effect of Processing and Material Parameters of Alginate Dialdehyde-Gelatin (ADA-GEL)-Based Hydrogels on Stiffness by XGB Machine Learning Model.,0,0,0,0,no,,no,
A4,PMC11170757,10.1021/acsomega.4c01234,2024,ACS omega,Quantitative Evaluation of the Pore and Window Sizes of Tissue Engineering Scaffolds on Scanning Electron Microscope Images Using Deep Learning.,0,0,0,0,yes,EP,yes,A1
A4,PMC11468966,10.1002/adhm.202102508,2022,Advanced healthcare materials,Sublingual Boosting with a Novel Mucoadhesive Thermogelling Hydrogel Following Parenteral CAF01 Priming as a Strategy Against Chlamydia trachomatis.,0,0,1,0,no,,yes,
A4,PMC11556762,10.22038/ijbms.2024.78958.17077,2024,Iranian journal of basic medical sciences,Zinc oxide nanoparticle-reinforced sodium alginate/hydroxyapatite scaffolds for osteoporosis treatment in fragility fracture patients: Development and characterization using artificial neural networks (ANNs) modeling.,0,0,0,0,no,,yes,
A4,PMC11723248,10.3390/polym17010121,2025,Polymers,Artificial Intelligence-Driven Modeling for Hydrogel Three-Dimensional Printing: Computational and Experimental Cases of Study.,0,1,1,0,no,,yes,
A4,PMC11761273,10.3390/biomedicines13010208,2025,Biomedicines,Advancing Hydrogel-Based 3D Cell Culture Systems: Histological Image Analysis and AI-Driven Filament Characterization.,0,0,0,0,no,,yes,A1
A4,PMC11765179,10.3390/gels11010045,2025,"Gels (Basel, Switzerland)",Characterization and Machine Learning-Driven Property Prediction of a Novel Hybrid Hydrogel Bioink Considering Extrusion-Based 3D Bioprinting.,0,0,0,0,no,,no,A2
A4,PMC11855032,10.3390/gels11020141,2025,"Gels (Basel, Switzerland)",The Optimization of Culture Conditions for Injectable Recombinant Collagen Hydrogel Preparation Using Machine Learning.,0,0,0,0,no,,yes,
A4,PMC11921027,10.1021/acsabm.4c01509,2025,ACS applied bio materials,Collagen Hybridizing Peptides Promote Collagen Fibril Growth In Vitro.,0,0,0,1,yes,E,yes,A1
A4,PMC11939716,10.3390/bioengineering12030315,2025,"Bioengineering (Basel, Switzerland)",Investigation of the Effects of 3D Printing Parameters on the Mechanical Properties of Bone Scaffolds: Experimental Study Integrated with Artificial Neural Networks.,0,0,0,0,no,,yes,
A4,PMC12000562,10.1038/s41598-025-94608-8,2025,Scientific reports,Surrogate modeling of electrospun PVA/PLA nanofibers using artificial neural network for biomedical applications.,0,0,0,0,no,,yes,
A4,PMC12128979,10.1172/jci.insight.179246,2025,JCI insight,iPSC-RPE patch restores photoreceptors and regenerates choriocapillaris in a pig retinal degeneration model.,0,0,0,1,no,,no,
A4,PMC12294283,10.3390/gels11070550,2025,"Gels (Basel, Switzerland)",Interpretable Prediction and Analysis of PVA Hydrogel Mechanical Behavior Using Machine Learning.,0,0,0,0,no,,no,A2
A4,PMC12295332,10.3390/jfb16070237,2025,Journal of functional biomaterials,"Morphometric, Biomechanical and Macromolecular Performances of β-TCP Macro/Micro-Porous Lattice Scaffolds Fabricated via Lithography-Based Ceramic Manufacturing for Jawbone Engineering.",0,0,0,0,no,,no,
A4,PMC12295643,10.3390/gels11070552,2025,"Gels (Basel, Switzerland)",Optimization of SA-Gel Hydrogel Printing Parameters for Extrusion-Based 3D Bioprinting.,0,0,1,0,no,,no,
A4,PMC12316057,10.1002/jbm.a.37515,2023,Journal of biomedical materials research. Part A,Label-free cleared tissue microscopy and machine learning for 3D histopathology of biomaterial implants.,1,0,0,0,no,,no,A1
A4,PMC12368192,10.1038/s41598-025-15122-5,2025,Scientific reports,Computational optimization of 3D printed bone scaffolds using orthogonal array-driven FEA and neural network modeling.,0,0,0,0,no,,no,
A4,PMC12566269,10.3390/mi16101098,2025,Micromachines,Coupling CFD and Machine Learning to Assess Flow Properties in Porous Scaffolds for Tissue Engineering.,1,0,0,0,no,,no,
A4,PMC12607992,10.3390/ma18214893,2025,"Materials (Basel, Switzerland)","NMR, FT-IR, XRD, SEM, and ANN Complex Characterization of Some Nonwoven Materials Produced by Electrospinning.",0,0,0,0,no,,yes,
A4,PMC12656060,10.3390/polym17222973,2025,Polymers,Additive Manufacturing of Bead-Chain-Shaped Scaffolds with AI-Based Process Optimization.,0,0,1,0,no,,yes,A2
A4,PMC12945539,10.1364/boe.550401,2025,Biomedical optics express,Automated cell properties toolbox from 3D bioprinted hydrogel scaffolds via deep learning and optical coherence tomography.,1,0,0,1,no,,no,A1
A4,PMC12948305,10.1631/bdm.2400454,2025,Bio-design and manufacturing,Machine learning-assisted stiffness prediction in high-cell-density bioprinting.,1,0,0,1,no,,no,
A4,PMC7076403,10.3390/pharmaceutics12020166,2020,Pharmaceutics,A 3D Bioprinted Pseudo-Bone Drug Delivery Scaffold for Bone Tissue Engineering.,0,0,1,0,yes,EP,yes,A2
A4,PMC8192956,10.1038/s41598-021-91802-2,2021,Scientific reports,Fourier transform infrared spectroscopy coupled with machine learning classification for identification of oxidative damage in freeze-dried heart valves.,0,0,0,0,no,,no,
A4,PMC8378215,10.3389/fbioe.2021.701778,2021,Frontiers in bioengineering and biotechnology,Towards the Experimentally-Informed In Silico Nozzle Design Optimization for Extrusion-Based Bioprinting of Shear-Thinning Hydrogels.,2,0,0,0,no,,yes,
A4,PMC8575943,10.1038/s41598-021-01304-4,2021,Scientific reports,A deep learning approach to identify and segment alpha-smooth muscle actin stress fiber positive cells.,0,0,0,1,yes,EP,yes,A1
A4,PMC8616054,10.3390/cancers13225857,2021,Cancers,Human Breast Extracellular Matrix Microstructures and Protein Hydrogel 3D Cultures of Mammary Epithelial Cells.,0,0,0,0,no,,no,
A4,PMC8778756,10.3390/mi13010079,2022,Micromachines,Optimization of Complete Rat Heart Decellularization Using Artificial Neural Networks.,0,0,0,0,no,,no,
A4,PMC9104973,10.3390/polym14091802,2022,Polymers,Accelerated Discovery of the Polymer Blends for Cartilage Repair through Data-Mining Tools and Machine-Learning Algorithm.,0,0,0,0,no,,yes,A2
A4,PMC9551996,10.3389/fbioe.2022.973275,2022,Frontiers in bioengineering and biotechnology,Designing anisotropic porous bone scaffolds using a self-learning convolutional neural network model.,0,0,0,0,no,,yes,A2
A4,PMC9667272,10.1016/j.heliyon.2022.e11468,2022,Heliyon,In-process monitoring of a tissue-engineered oral mucosa fabricated on a micropatterned collagen scaffold: use of optical coherence tomography for quality control.,0,0,0,0,no,,no,
A4,PMC9938698,10.1007/s42600-022-00257-5,2023,Research on Biomedical Engineering,Identification and ranking biomaterials for bone scaffolds using machine learning and PROMETHEE,1,0,0,0,no,,yes,
A5,PMC11095369,10.1039/d3sc06920f,2024,Chemical science,Polymer design via SHAP and Bayesian machine learning optimizes pDNA and CRISPR ribonucleoprotein delivery.,2,0,1,0,no,,yes,
A5,PMC11422183,10.1093/rb/rbae109,2024,Regenerative biomaterials,Integrating machine learning for the optimization of polyacrylamide/alginate hydrogel.,2,0,1,0,no,,no,
A5,PMC11672474,10.1021/acsami.4c16614,2024,ACS applied materials & interfaces,Scalable Accelerated Materials Discovery of Sustainable Polysaccharide-Based Hydrogels by Autonomous Experimentation and Collaborative Learning.,2,0,1,0,no,,no,
A5,PMC12154192,10.1126/sciadv.adt9466,2025,Science advances,Discovery of unconventional and nonintuitive self-assembling peptide materials using experiment-driven machine learning.,0,0,1,0,no,,no,
A5,PMC12157168,10.1371/journal.pone.0324205,2025,PloS one,Bayesian optimization and machine learning for vaccine formulation development.,2,0,1,0,no,,yes,
A5,PMC12356264,10.1126/sciadv.adx2299,2025,Science advances,Accelerated design of gold nanoparticles with enhanced plasmonic performance.,2,0,0,0,no,,yes,
A5,PMC12587402,10.1021/acs.molpharmaceut.5c00591,2025,Molecular pharmaceutics,Bayesian Optimization for Efficient Multiobjective Formulation Development of Biologics.,0,0,1,0,no,,yes,
A5,PMC12590431,10.1016/j.ijpx.2025.100420,2025,International journal of pharmaceutics: X,Targeted probiotic tabletting: A hybrid active learning and finite element modelling approach for process optimisation.,2,1,1,1,no,,no,
A5,PMC13576497,10.1039/d5dd00171d,2025,Digital discovery,Efficient discovery of new medicine formulations using a semi-self-driven robotic formulator.,2,0,1,0,no,,yes,
